title,count,score
妖精森林的小不点,11786,9.9
国家宝藏,7919,9.9
Megalo Box,3423,9.9
ReLIFE 完结篇,3051,9.9
创新中国,1276,9.9
如果国宝会说话,972,9.9
三十二,511,9.9
极地,476,9.9
生命时速・紧急救护120,435,9.9
RWBY Chibi 第三季,397,9.9
小马宝莉 第五季,248,9.9
小马宝莉 第二季,160,9.9
我在故宫修文物,155,9.9
河西走廊,140,9.9
霹雳惊鸿之刀剑春秋,134,9.9
地球脉动,133,9.9
TopGear 第22季,124,9.9
小马宝莉 第三季,113,9.9
少女终末旅行,39239,9.8
宝石之国,37440,9.8
魔卡少女樱 CLEAR CARD篇,32711,9.8
幻界战线 & BEYOND,21031,9.8
卫宫家今天的饭,18495,9.8
比宇宙更远的地方,17099,9.8
此花亭奇谭,14910,9.8
命运石之门,13752,9.8
钢之炼金术师 FULLMETAL ALCHEMIST,13622,9.8
中国唱诗班,13564,9.8
戒律的复活,9483,9.8
3月的狮子 第二季,9057,9.8
齐木楠雄的灾难 第二季,9023,9.8
CLANNAD ～AFTER STORY～,8989,9.8
罗小黑战记,8163,9.8
日常,7170,9.8
魔卡少女樱,6468,9.8
凸变英雄 BABA,4556,9.8
斩服少女,4468,9.8
怪化猫,2748,9.8
虫师,1558,9.8
哆啦A梦,982,9.8
信・中国,807,9.8
Little Busters! ～Refrain～,558,9.8
鬼灯的冷彻 第二季 其二,457,9.8
小马宝莉 第一季,395,9.8
萌猫向前冲,237,9.8
鼹鼠的故事,229,9.8
剧场版 笑傲昙天（外传）,216,9.8
寻找手艺,215,9.8
海岸线不污正业sp,201,9.8
香巴拉深处,179,9.8
霍金：来自无限的过往，去到无限的未来,179,9.8
南方公园 第十九季,173,9.8
寻味顺德,162,9.8
南方公园 第十八季,154,9.8
小马宝莉 第四季,145,9.8
降世神通：最后的气宗 第一季,141,9.8
三日为期,136,9.8
我的朋友不是人,114,9.8
南方公园 第三季,106,9.8
紫罗兰永恒花园,89521,9.7
OVERLORDⅡ,44500,9.7
博多豚骨拉面团,17785,9.7
NO GAME NO LIFE 游戏人生,14275,9.7
妄想学生会 剧场版,9998,9.7
鬼灯的冷彻 第二季,9871,9.7
我的英雄学院,8752,9.7
小木乃伊到我家,8364,9.7
冰,8201,9.7
月色真美,7088,9.7
月刊少女野崎君,7060,9.7
CLANNAD,6894,9.7
天行九歌,6878,9.7
来自风平浪静的明天,5792,9.7
魔法少女小圆,5763,9.7
龙与虎,5673,9.7
EVA 新世纪福音战士,5668,9.7
齐木楠雄的灾难,4695,9.7
春宵苦短，少女前进吧,4449,9.7
三颗星彩色冒险,4340,9.7
男子高中生的日常,4172,9.7
灵契 第二季,3370,9.7
终物语 下,3229,9.7
GOSICK,3037,9.7
黑执事,3005,9.7
风灵玉秀,2697,9.7
RWBY 第五季,2491,9.7
狼与香辛料,2433,9.7
3月的狮子,2423,9.7
女神异闻录5 动画版,2412,9.7
魔法少女 俺,2124,9.7
DARKER THAN BLACK -黑之契约者-,2011,9.7
狼与香辛料 第二季,1889,9.7
勇者大冒险 第二季,1769,9.7
OVERLORDⅡ SP,1751,9.7
Thunderbolt Fantasy 东离剑游纪 生死一剑,1716,9.7
虹猫蓝兔七侠传,1657,9.7
凉宫春日的消失,1579,9.7
四半神话大系,1569,9.7
会长是女仆大人！,1556,9.7
寒蝉鸣泣之时,1538,9.7
吊带袜天使,1515,9.7
幸运星,1481,9.7
命运石之门 负荷领域的既视感,1448,9.7
玉子爱情故事,1300,9.7
混沌武士,1239,9.7
游☆戏☆王 Duel Monsters,1219,9.7
我的青春恋爱物语果然有问题 续 OVA,1211,9.7
HELLSING OVA,1163,9.7
TopGear 第25季,1152,9.7
全职猎人,1136,9.7
樱兰高校男公关部,1130,9.7
食梦者,1124,9.7
一起一起这里那里,1109,9.7
樱Trick,1098,9.7
少女与战车 剧场版,1047,9.7
勇者大冒险 第一季,1017,9.7
水果传,983,9.7
RWBY,967,9.7
攻壳机动队 STAND ALONE COMPLEX,897,9.7
元气囝仔,875,9.7
为美好的世界献上祝福！ OVA,873,9.7
×××HOLiC,871,9.7
黄昏少女×失忆,855,9.7
NANA,822,9.7
银之匙 Silver Spoon 第一季,779,9.7
人形电脑天使心,779,9.7
忍者杀手 SE,764,9.7
温暖的印记,747,9.7
白兔糖,712,9.7
Comic Girls,689,9.7
魔卡少女樱 被封印的卡片,686,9.7
蜡笔小新 第一季（中文）,633,9.7
十二国记,605,9.7
食梦者。3,602,9.7
蜡笔小新 第六季（中文）,601,9.7
蜡笔小新 第二季（中文）,567,9.7
天元突破 红莲螺岩 剧场版,566,9.7
悠久之翼2,545,9.7
奇诺之旅,539,9.7
蜂蜜与四叶草,514,9.7
你看起来很好吃,510,9.7
RWBY Chibi 第二季,491,9.7
头文字D First Stage,478,9.7
悠哉日常大王 Repeat OAD,468,9.7
西游记 央视动画,465,9.7
校园迷糊大王,461,9.7
千年女优,455,9.7
攻壳机动队 S.A.C. 2nd GIG,455,9.7
男子高中生的日常 SP,450,9.7
英雄时代,450,9.7
东京教父,446,9.7
宿舍不日常,434,9.7
精灵宝可梦 无印,421,9.7
特别的她,405,9.7
MONSTER,403,9.7
EVA 新世纪福音战士新剧场版2.0：破,397,9.7
听爸爸的话！OAD,391,9.7
RWBY 第二季,391,9.7
魔法少女☆伊莉雅 2WEI!,381,9.7
元气少女缘结神 新婚篇,379,9.7
EVA 新世纪福音战士剧场版：Air \u002F 真心为你,366,9.7
麻辣教师GTO,343,9.7
交响诗篇 第一季,342,9.7
魔法少女奈叶,340,9.7
茶啊二中 第四季,333,9.7
恐怖宠物店,320,9.7
乌龙派出所,289,9.7
非凡匠心 第二季,274,9.7
怪盗圣少女,273,9.7
×××HOLiC・继,271,9.7
宝莲灯 电影版,270,9.7
鸦KARAS,270,9.7
元气少女缘结神  过去篇,245,9.7
CANDY BOY,236,9.7
KERORO军曹,235,9.7
排球少年剧场版 结束与开始,232,9.7
魔兵传奇,227,9.7
北斗神拳,222,9.7
霹雳天命之仙魔鏖锋,219,9.7
Little Busters! EX,217,9.7
幽游白书,212,9.7
蜡笔小新 呼风唤雨！大人帝国的反击,211,9.7
包在小可身上,179,9.7
茶啊二中 第二季,177,9.7
战斗妖精雪风,170,9.7
偶像大师 剧场版 向着光辉的彼岸！,165,9.7
小马宝莉 小马国女孩,165,9.7
TopGear 第21季,165,9.7
轻声密语,159,9.7
霹雳侠影之轰动武林,159,9.7
鹿枫堂,158,9.7
RWBY Chibi,155,9.7
棒球英豪 TV版,143,9.7
花田少年史,139,9.7
城市猎人 TV版,136,9.7
备长炭,135,9.7
回忆三部曲 Memories,134,9.7
吸血鬼猎人D,128,9.7
海尔兄弟,121,9.7
星际牛仔,113,9.7
高智能方程式：SIN,109,9.7
史上最强弟子兼一,107,9.7
小魔女蒙娜,104,9.7
天书奇谭,101,9.7
白兔糖 特典,101,9.7
没日没夜,100,9.7
citrus～柑橘味香气～,16534,9.6
OVERLORD,10839,9.6
DARLING in the FRANXX（H限港澳台地^）,6764,9.6
无论何时我们的恋情都是10厘米。～告白实行委员会～,5814,9.6
四月是你的谎言,5734,9.6
迷域行者,5056,9.6
我的青春恋爱物语果然有问题。 续,4718,9.6
我的青春恋爱物语果然有问题。,4592,9.6
我是江小白,4198,9.6
齐木楠雄的灾难（日播&精选版）,3300,9.6
精灵宝可梦 日月,3263,9.6
路人超能100(灵能百分百),3238,9.6
Slow Start,3054,9.6
三年E班 第二季,2935,9.6
白色相簿2,2634,9.6
我家大师兄脑子有坑,2423,9.6
夏目友人帐 陆,2327,9.6
兽娘动物园,2318,9.6
幻想嘉年华,2126,9.6
来自新世界,1867,9.6
OVERLORD SP,1830,9.6
天降之物,1812,9.6
凉宫春日的忧郁 2009版,1753,9.6
永生之酒,1679,9.6
夏目友人帐,1654,9.6
无头骑士异闻录,1643,9.6
IDOLiSH7-偶像星愿-,1565,9.6
吹响吧！上低音号,1500,9.6
牙狼 -VANISHING LINE-,1407,9.6
Thunderbolt Fantasy 东离剑游纪,1328,9.6
少女与战车,1298,9.6
黑执事II,1219,9.6
濑户的花嫁,1137,9.6
我的英雄学院 OAD,1123,9.6
要听爸爸的话！,1015,9.6
王兄李兄没完没了的故事,1003,9.6
终物语,984,9.6
夏目友人帐 OVA,958,9.6
荒川爆笑团,921,9.6
我的青春恋爱物语果然有问题。 第一季 OVA,872,9.6
超次元游戏 海王星,858,9.6
女神异闻录5 -THE DAY BREAKERS-,843,9.6
寒蝉鸣泣之时 解,839,9.6
龙的牙医,834,9.6
尽管如此世界依然美丽,813,9.6
三坪房间的侵略者！,776,9.6
恶魔奶爸,733,9.6
传说中勇者的传说,730,9.6
人类衰退之后,711,9.6
星之梦～星之人～,689,9.6
悠久之翼,669,9.6
我们仍未知道那天所看见的花的名字。 剧场版,660,9.6
圣诞之吻SS,634,9.6
爱杀宝贝 日语版,630,9.6
长歌行,629,9.6
一禅小和尚,624,9.6
丹特丽安的书架,623,9.6
迷糊餐厅 WORKING!!!,604,9.6
银之匙 Silver Spoon 第二季,581,9.6
Little Busters!,562,9.6
历物语,560,9.6
好想告诉你 第一季,552,9.6
漫画家与助手 OVA,545,9.6
花牌情缘,536,9.6
独自生活的小学生,535,9.6
游☆戏☆王 5D's 第一季,527,9.6
偶像大师,525,9.6
天降之物Final 我永远的鸟笼,517,9.6
勇者大冒险 番外篇,508,9.6
山海师,504,9.6
猫物语（黑）,504,9.6
机动战士敢达00 第二季,499,9.6
馒头日记,498,9.6
晨曦公主,488,9.6
超元气三姐妹,488,9.6
纯情罗曼史3,474,9.6
黑塔利亚 The World Twinkle 第6期,474,9.6
魁拔之战神崛起,472,9.6
希德尼娅的骑士 第二季,471,9.6
喜欢上你的那个瞬间。～告白实行委员会～,462,9.6
翼・年代记,461,9.6
最强武将传・三国演义,454,9.6
命运石之门 境界面上的迷失之链,450,9.6
南家三姐妹 我回来了,436,9.6
Tokyo Guru：re（H限港澳台地^）,433,9.6
刀语,425,9.6
EVA 新世纪福音战士新剧场版3.0：Q,423,9.6
传颂之物,418,9.6
天降之物 计时的悲伤女神,415,9.6
境界线上的地平线II,413,9.6
49%的灵魂,411,9.6
魁拔之十万火急,405,9.6
黑礁,405,9.6
万物滋养,386,9.6
命运石之门 聪明睿智的认知计算,386,9.6
夏目友人帐 第五季 特别篇②,383,9.6
甲贺忍法帖,378,9.6
南烟斋笔录,375,9.6
二舍六房的七人,371,9.6
功夫兔与菜包狗,364,9.6
野良神 ARAGOTO OAD,363,9.6
DARKER THAN BLACK -黑之契约者- 外传,363,9.6
网球王子,362,9.6
食梦者。2,362,9.6
蜂蜜与四叶草II,355,9.6
再见绝望先生,355,9.6
魔笛MAGI 第二季,352,9.6
轻音少女 小剧场,352,9.6
神无月的巫女,340,9.6
结城友奈是勇者 -鹫尾须美之章-,337,9.6
女神异闻录4,330,9.6
四月是你的谎言 OAD,324,9.6
好想告诉你 第二季,317,9.6
八犬传-东方八犬异闻- 第一季,312,9.6
今天的5年2班,310,9.6
魔卡少女樱 知世的影像活跃日记,309,9.6
EVA 新世纪福音战士新剧场版1.0：序,309,9.6
HELLO!! 黄金拼图,305,9.6
百小Clear咭（H限港澳地^）,305,9.6
和歌子酒 动画,292,9.6
魁拔之大战元泱界,291,9.6
LEVEL E,281,9.6
笨蛋，测验，召唤兽  OVA,281,9.6
月色真美 SP,280,9.6
花牌情缘2,276,9.6
High☆Speed! -Free! Starting Days-,272,9.6
海马,271,9.6
阿基拉,264,9.6
哪吒传奇,264,9.6
怪 ?AYAKASHI?,263,9.6
梦色蛋糕师,262,9.6
魔角侦探 第二季,257,9.6
夏娃的时间,249,9.6
猫眼三姐妹,246,9.6
八犬传-东方八犬异闻-  第二季,245,9.6
苍穹之法芙娜EXODUS,244,9.6
江户盗贼团五叶,241,9.6
魔法少女奈叶StrikerS,241,9.6
战姬绝唱SYMPHOGEAR G,240,9.6
苍蓝钢铁的琶音 Cadenza,240,9.6
小鸠,239,9.6
幸运星 OVA,235,9.6
机动战士敢达MS,233,9.6
灵感！,228,9.6
校园迷糊大王 二学期,227,9.6
妖精的尾巴 剧场版 凤凰巫女,227,9.6
星际牛仔 天国之扉,226,9.6
恋爱情结,226,9.6
Gon的旱獭,224,9.6
交响情人梦,222,9.6
Q弟侦探因幡,221,9.6
电脑线圈,216,9.6
心灵的声音,215,9.6
小魔女学园,211,9.6
机动战士敢达 雷霆宙域战线 第一季,211,9.6
少女革命,209,9.6
寒蝉鸣泣之时 扩,208,9.6
最终幻想VII：降临之子,208,9.6
超智游戏,207,9.6
#NAME?,205,9.6
攻壳机动队2 无罪,204,9.6
翼・年代记 东京默示录,204,9.6
热带雨林的爆笑生活,199,9.6
翼・年代记 春雷记,198,9.6
我的女神,197,9.6
蜡笔小新 第五季（中文）,196,9.6
圣母在上,195,9.6
游☆戏☆王 5D's 第四季,195,9.6
魔法少女奈叶A's,192,9.6
钻石王牌,188,9.6
山田君与7人魔女 OAD,186,9.6
紧扣的星星,186,9.6
黑子的篮球 第3期 OVA,185,9.6
妖狐×仆SS SP,182,9.6
科学小飞侠Crowds,179,9.6
蜡笔小新 第三季（中文）,179,9.6
王牌投手 振臂高挥,176,9.6
钻石王牌 ～Second Season～,176,9.6
×××HOLiC 仲夏夜之梦,175,9.6
爱丽丝学园,169,9.6
魔女猎人,165,9.6
×××HOLiC・笼 徒梦,164,9.6
俗?再见绝望先生,163,9.6
怪医黑杰克 前作,160,9.6
宇宙兄弟,160,9.6
道子与哈金,157,9.6
米老鼠的黑白动画片生涯,156,9.6
小凉宫春日的忧郁,156,9.6
忏?再见绝望先生,156,9.6
女神异闻录3 剧场版 #4 Winter of Rebirth,151,9.6
魔卡少女樱 Clear Card篇 序幕 小樱与两人的小熊,149,9.6
黄金拼图 Pretty Days,146,9.6
歌之☆王子殿下 真爱1000%,146,9.6
小蝌蚪找妈妈,144,9.6
光能使者,143,9.6
阿茹茉妮,141,9.6
精灵守护者,141,9.6
哪吒闹海,140,9.6
晨曦公主 OAD,139,9.6
虫师 续章 铃之~,138,9.6
恶魔阿萨谢尔在召唤你 路西法篇,135,9.6
精灵宝可梦 钻石&珍珠,134,9.6
时光钟摆,134,9.6
神奇宝贝 起源,132,9.6
GJ部@,130,9.6
宇宙战舰大和号 2199,130,9.6
立花馆恋爱三角铃,130,9.6
滑头鬼之孙 ～奴良组事始～,129,9.6
寒蝉鸣泣之时 礼,128,9.6
不要输！！恶之军团！,128,9.6
魔法少女奈叶 The MOVIE 2nd A’s,127,9.6
双面骑士,126,9.6
堀桑与宫村君,126,9.6
×××HOLiC・笼,125,9.6
无头骑士异闻录×2 结 DuFuFuFu!!,123,9.6
鸭子的生活,122,9.6
中二病也要谈恋爱！Lite,121,9.6
幸运四叶草,120,9.6
黑猫警长,120,9.6
飞跃巅峰2!,120,9.6
一周的朋友。SP,118,9.6
歌之☆王子殿下 真爱REVOLUTIONS,118,9.6
黑街二人组,118,9.6
田中君总是如此慵懒 特典,117,9.6
黑礁 第三季 Roberta’s Blood Trail,116,9.6
废柴狐阿桔,115,9.6
少女与战车 OVA 这次是真正的安齐奥战,112,9.6
科学小飞侠Crowds insight,111,9.6
调酒师,111,9.6
头文字D Second Stage,108,9.6
越狱兔 第5季,105,9.6
葫芦兄弟,104,9.6
恶魔阿萨谢尔在召唤你 OVA,102,9.6
黑白来看守所 OVA,100,9.6
狐妖小红娘,18062,9.5
调教咖啡厅,10359,9.5
少年锦衣卫 第二季,6314,9.5
阿松 第二季,5895,9.5
舞动青春,5562,9.5
樱花庄的宠物女孩,4415,9.5
幻界战线,3717,9.5
小魔女学园 TV版,2695,9.5
超能力女儿,2512,9.5
魔法使的新娘（H限台车^）,2495,9.5
火影忍者 疾风传,2404,9.5
打工吧！魔王大人,2389,9.5
结城友奈是勇者 鹫尾须美之章&勇者之章,1866,9.5
Love Live! School Idol Project（第二季）,1837,9.5
笨蛋，测验，召唤兽,1817,9.5
星期一的丰满,1786,9.5
鬼灯的冷彻,1777,9.5
M舻木奕 第二季（H台车^）,1631,9.5
宣告黎明的露之歌,1629,9.5
ACCA13区监察课,1458,9.5
请问您今天要来点兔子吗？？,1439,9.5
绝园的暴风雨,1338,9.5
邻座的怪同学,1257,9.5
花开伊吕波,1122,9.5
星之梦,1070,9.5
一周的朋友。,1022,9.5
穷豪旅游记,1021,9.5
女生宿舍日常 第二季,962,9.5
头条都是他,940,9.5
DARKER THAN BLACK -流星的双子-,926,9.5
AIR,920,9.5
夏目友人帐 参,903,9.5
夏目友人帐 肆,892,9.5
天降之物f,814,9.5
无聊诗社,808,9.5
OVERLORD OAD,798,9.5
疯味英雄 ,791,9.5
凉宫春日的忧郁 2006版,762,9.5
咕噜咕噜魔法阵 新系列,733,9.5
南家三姐妹,709,9.5
迷糊餐厅 WORKING!!,708,9.5
她与她的猫,704,9.5
恋爱研究所,689,9.5
m 刀y舞 -花丸-（H限港澳台地^）,684,9.5
打工小哥,669,9.5
学生会的一己之见,632,9.5
机动战士敢达00,627,9.5
恶魔阿萨谢尔在召唤你 第一季,609,9.5
让我们烧吧！！！,608,9.5
超时空要塞 Frontier,597,9.5
游☆戏☆王 ZEXAL,585,9.5
Code Geass 反叛的鲁路修 娜娜莉梦游仙境,579,9.5
荒川爆笑团2,563,9.5
我们没有翅膀,503,9.5
月歌,491,9.5
从很久以前就喜欢你了。～告白实行委员会～,491,9.5
奇异太郎少年的妖怪绘日记,489,9.5
GJ部,485,9.5
苍蓝钢铁的琶音,467,9.5
滑头鬼之孙～千年魔京～,451,9.5
希德尼娅的骑士 第一季,449,9.5
编舟记,439,9.5
黄金拼图,412,9.5
异邦人 无皇刃谭,407,9.5
剑风传奇 次篇,401,9.5
开封奇谈-这个包公不太行 广播剧,397,9.5
赤发白雪姬 第二季,392,9.5
恶魔阿萨谢尔在召唤你 第二季,389,9.5
魔卡少女樱 香港之旅,388,9.5
珈百璃的堕落 SP,378,9.5
如果有○○就好了。,356,9.5
东京地震8.0,351,9.5
Concrete Revolutio 超人幻想 第二季,347,9.5
群居姐妹,337,9.5
Charlotte SP,331,9.5
圣斗士星矢 THE LOST CANVAS 冥王神话,316,9.5
跟班×服务,315,9.5
魔角侦探 第一季,305,9.5
颠倒的帕特玛,285,9.5
神奇的月球,282,9.5
勇者大冒险之黄泉手记,281,9.5
百怪异世说,276,9.5
妄想代理人,273,9.5
归宅部活动记录,273,9.5
异国迷宫的十字路口,259,9.5
Classica Loid,253,9.5
迷之彼女X,253,9.5
战姬绝唱SYMPHOGEAR,238,9.5
坂道上的阿波罗,236,9.5
野良神 OAD,230,9.5
圣诞之吻SS+ plus,230,9.5
和女儿的日常 第二季,227,9.5
星空清理者,227,9.5
敢达创战者,223,9.5
京剧猫,221,9.5
三年E班 第二季 课外授课篇,217,9.5
07-GHOST,215,9.5
阿松 SP 赛马轶事,211,9.5
英俊又可爱,211,9.5
蓝兰岛漂流记,208,9.5
黑礁 第二季,205,9.5
草莓棉花糖,204,9.5
灰体,199,9.5
魔法少女 俺（中配版）,196,9.5
百合熊风暴,195,9.5
精灵宝可梦 世代,192,9.5
钱进球场,192,9.5
快要坏掉的八音盒,185,9.5
老虎和兔子,178,9.5
女仆咖啡厅,176,9.5
魔法少女☆伊莉雅 3rei!! SP,173,9.5
Disintegration-分解世界-,168,9.5
这样算是僵尸吗？ OVA,167,9.5
结界师,163,9.5
中二病也要谈恋爱！恋 Lite,162,9.5
高智能方程式,162,9.5
蜡笔小新 第四季（中文）,161,9.5
公主公主,147,9.5
甘城光辉游乐园 SP 激动人心小剧场,146,9.5
暖暖日记 2nd,142,9.5
高校星歌剧,139,9.5
普通女高中生要做当地偶像,137,9.5
玉响～hitotose～,136,9.5
越狱兔 前传,135,9.5
飞跃巅峰!,134,9.5
苍穹之法芙娜,131,9.5
海月姬,127,9.5
萝莉的时间,126,9.5
网球王子 全国大会篇,126,9.5
精灵宝可梦 超世代,124,9.5
搞笑漫画日和＋,124,9.5
生化危机 恶化,124,9.5
魍魉之匣,122,9.5
寒蝉鸣泣之时 煌,118,9.5
茶啊二中 第一季,115,9.5
偶像大师灰姑娘剧场,114,9.5
最终流放,113,9.5
魔法使的新娘 等待繁星之人（H限台车^）,112,9.5
×××HOLiC・春梦记,110,9.5
灵契 第二季日语版,110,9.5
魔豆传奇,108,9.5
DOG DAYS',106,9.5
新撰组异闻录 铁,104,9.5
青春之旅 OAD,102,9.5
游☆戏☆王 5D's 第三季,102,9.5
圣哥传,101,9.5
现视研1,100,9.5
超能理工派,100,9.5
干物妹！小埋R,24022,9.4
一人之下 第二季,15675,9.4
Just Because!,13297,9.4
刻刻,7841,9.4
徒然喜欢你,6535,9.4
NEW GAME!!,5255,9.4
可塑性记忆,2675,9.4
Love Live! School Idol Project,2413,9.4
某科学的超电磁炮S,2356,9.4
夏目友人帐 伍,1759,9.4
言叶之庭,1758,9.4
漫画家与助手,1669,9.4
那年那兔那些事儿 第一季,1562,9.4
快把我哥带走,1517,9.4
请问您今天要来点兔子吗？,1504,9.4
恋爱随意链接,1328,9.4
迷茫管家与懦弱的我,1156,9.4
刀剑乱舞-花丸-,1110,9.4
魔法少女☆伊莉雅 2WEI HERZ!,1033,9.4
续 夏目友人帐,950,9.4
幻镜诺德琳,945,9.4
小林家的龙女仆 OVA,878,9.4
青春纪行,872,9.4
GANGSTA.,826,9.4
妖狐×仆SS,811,9.4
魔王勇者,809,9.4
ALICE or ALICE,807,9.4
记录的地平线,741,9.4
约会大作战 第二季 OVA,686,9.4
元气少女缘结神◎,686,9.4
银仙,650,9.4
MM一族,645,9.4
潘朵拉之心,595,9.4
这个是僵尸吗？OF THE DEAD,589,9.4
记录的地平线 第二季,531,9.4
赤发白雪姬 第一季,530,9.4
TARI TARI,518,9.4
偶像大师 SideM,511,9.4
黑塔利亚 Axis Powers,509,9.4
Anne Happy,497,9.4
那年那兔那些事儿 番外篇,494,9.4
宅男腐女恋爱真难,470,9.4
回转企鹅罐,451,9.4
宇宙巡警露露子,414,9.4
我家浴缸的二三事,396,9.4
迷糊餐厅 WORKING’!!,393,9.4
姐姐来了,367,9.4
Concrete Revolutio 超人幻想 第一季,366,9.4
CLANNAD 另一个世界 智代篇,360,9.4
偶像大师灰姑娘剧场 第二季,353,9.4
CLANNAD ～AFTER STORY～另一个世界 杏篇,340,9.4
暴走恐怖故事 第六季,332,9.4
蔷薇少女,318,9.4
幻想嘉年华 Special Season,300,9.4
阿拉德战记,287,9.4
HELLSING,284,9.4
天然萌少女明日香,280,9.4
花丸幼稚园,278,9.4
天下第几,272,9.4
偶像大师 灰姑娘女孩,259,9.4
笑对阴天,258,9.4
青之文学,257,9.4
DRAMAtical Murder,227,9.4
KARNEVAL狂欢节,225,9.4
魁拔妖侠传,214,9.4
京剧猫 第二季,213,9.4
STAR DRIVER 闪亮的塔科特,209,9.4
我为歌狂,207,9.4
问题儿童都来自异世界？ OVA 温泉漫游记,203,9.4
黑塔利亚 The Beautiful World 第5期,202,9.4
黑塔利亚 Axis Powers 第2期,194,9.4
斩・赤红之瞳！ 爆笑小剧场,188,9.4
UN-GO ,178,9.4
A CHANNEL,178,9.4
偶像大师 灰姑娘女孩 第2期,176,9.4
脆莓公园 第一季,172,9.4
我家有个狐仙大人,172,9.4
EVA 新世纪福音战士剧场版：死与新生,162,9.4
夏雪密会,158,9.4
黑塔利亚 World Series 第4期,158,9.4
田中君总是如此慵懒小剧场,157,9.4
少女爱上姐姐 ,156,9.4
剧场版 快要坏掉的八音盒,151,9.4
我是丐帮不打奶花,147,9.4
VIVIDRED OPERATION,146,9.4
吸血鬼骑士 Guilty,142,9.4
"黑塔利亚 剧场版 银幕HETALIA Axis Powers Paint it, White",142,9.4
我是丐帮不打奶花 第二季,141,9.4
和女儿的日常 第一季,140,9.4
犬神同学和猫山同学,138,9.4
翼・年代记 第二部,138,9.4
他和她的故事,137,9.4
神魄,137,9.4
武器种族传说,136,9.4
虹猫仗剑走天涯,130,9.4
山口山战记 太阳井,121,9.4
勿忘蛛,115,9.4
旋风管家 Cuties,113,9.4
AKB0048 第一季,111,9.4
潜行吧！奈亚子F,106,9.4
我们的存在,105,9.4
家有穆珂,103,9.4
魔人侦探食脑奈罗,102,9.4
品酒要在成为夫妻后,6419,9.3
Fate\u002FZero 第一季,4308,9.3
某科学的超电磁炮,4107,9.3
Love Live! Sunshine!! 第二季,3751,9.3
Fate\u002FZero 第二季,2844,9.3
那年那兔那些事儿 第四季,2629,9.3
中二病也要谈恋爱！,2338,9.3
野良神 ARAGOTO,2202,9.3
野良神,2144,9.3
秒速五厘米,1980,9.3
甘城光辉游乐园,1913,9.3
灵契,1758,9.3
这个美术社大有问题！,1586,9.3
变态王子与不笑猫,1517,9.3
尸鬼,1401,9.3
多田君不恋爱,1205,9.3
哈哈滑小稽,1119,9.3
这个是僵尸吗？,1079,9.3
开封奇谈-这个包公不太行,1036,9.3
小林家的龙女仆 SP,1029,9.3
斩首循环 蓝色学者与戏言跟班,1007,9.3
笨蛋，测验，召唤兽2,845,9.3
电波女与青春男,766,9.3
猫咪日常,739,9.3
武庚纪,709,9.3
机动战士敢达SEED HD,709,9.3
青春之旅,706,9.3
Caligula 卡里古拉,688,9.3
我们大家的河合庄,674,9.3
赛马娘,671,9.3
搞姬日常,664,9.3
关于完全听不懂老公在说什么的事 第一季,623,9.3
无头骑士异闻录×2 结,595,9.3
滑头鬼之孙,585,9.3
未确认进行式,581,9.3
境界线上的地平线,557,9.3
干物妹！小埋 OVA,551,9.3
关于完全听不懂老公在说什么的事 第二季,537,9.3
巴哈姆特之怒 GENESIS,514,9.3
城下町的蒲公英,486,9.3
游☆戏☆王 GX ,473,9.3
吹吧！上低音 第二季（H限台车^）,463,9.3
超神学院之黑甲,460,9.3
无头骑士异闻录×2 承,458,9.3
无头骑士异闻录×2 转,444,9.3
BLOOD LAD 血意少年,444,9.3
忍者少女千鸟～伊势?金崎篇～,436,9.3
魔笛MAGI,396,9.3
女生宿舍日常,386,9.3
大神与七位伙伴,380,9.3
便・当,348,9.3
死后文,347,9.3
乌冬面之国的金色毛球,321,9.3
快把我哥带走 日文版,316,9.3
超级弹丸论破2.5 枝M斗与世界的破坏者,310,9.3
搞笑漫画日和,303,9.3
奇幻贵公子,299,9.3
口水三国,293,9.3
稻荷恋之歌,251,9.3
猫汤,249,9.3
亡念之扎姆德,241,9.3
新网球王子 OVA 对战Genius10,239,9.3
食神魂,234,9.3
游戏王剧场版 超融合！超越时空的羁绊,232,9.3
南家三姐妹 欢迎回来,232,9.3
惊爆草莓,215,9.3
猫愿三角恋,212,9.3
BUDDY COMPLEX,211,9.3
青之驱魔师 剧场版,208,9.3
鬼平,198,9.3
女子落语,195,9.3
Punch Line,184,9.3
日常幻想指南,184,9.3
霹雳天命之仙魔鏖锋Ⅱ斩魔录（普通话免费）,177,9.3
新蔷薇少女,177,9.3
DOG DAYS'',174,9.3
彩云国物语,172,9.3
夏娃的时间 剧场版,171,9.3
黑塔利亚 World Series 第3期,169,9.3
食神魂 第二季,158,9.3
蔷薇少女 梦之终结,152,9.3
告白实行委员会 告白预演,148,9.3
伪恋 OAD,144,9.3
影鳄 承,141,9.3
牙狼 -炎之刻印-,140,9.3
女神异闻录3 剧场版 #1 Spring of Birth,133,9.3
侠岚・决敌篇,132,9.3
MYSELF;YOURSELF,131,9.3
幼女战记 短篇,130,9.3
诡水疑云,128,9.3
叫我僵小鱼 日常篇,127,9.3
玛莉亚?狂热 第二季,121,9.3
夏色奇迹,121,9.3
魔法少女☆伊莉雅 OVA,120,9.3
告白实行委员会 嫉忌的答复,115,9.3
人鱼又上钩,115,9.3
BLACK CAT,114,9.3
放浪男孩,112,9.3
舞-HIME,110,9.3
读或死 TV,106,9.3
魔法少女☆伊莉雅 2wei Herz! SP,104,9.3
如果有妹妹就好了。,17591,9.2
爱吃拉面的小泉同学,4648,9.2
路人女主的养成方法,4101,9.2
食戟之灵,1625,9.2
画江湖之换世门生,1571,9.2
NEW GAME!,1433,9.2
散华礼弥,1351,9.2
山田君与7人魔女,1334,9.2
心灵想要大声呼喊,1027,9.2
Infini-T Force,860,9.2
纳米核心 第三季（下篇）,816,9.2
宅饮,816,9.2
零之使魔,747,9.2
口水三国 第二季,686,9.2
[C]THE MONEY OF SOUL AND POSSIBILITY CONTROL,519,9.2
SOLA,459,9.2
宇宙战舰提拉米斯,440,9.2
食灵-零-,435,9.2
零之使魔F,403,9.2
零之使魔 双月骑士,382,9.2
RWBY 第四季,379,9.2
某科学的超电磁炮 OVA,378,9.2
第六天魔王,339,9.2
RWBY 第三季,303,9.2
飙速宅男 GLORY LINE,296,9.2
NEW GAME! OVA,267,9.2
锁锁美同学@提不起劲,257,9.2
网球并不可笑嘛 第九季,246,9.2
y河英雄髡f?Die Neue These（H限港澳台地^）,245,9.2
机动战士敢达 雷霆宙域战线 第二季,218,9.2
玲音,218,9.2
琴浦小姐,214,9.2
玛莉亚?狂热,182,9.2
看个球,165,9.2
临时女友,163,9.2
高校星歌剧 第二季,163,9.2
冷然之天秤,155,9.2
骇客娃娃,148,9.2
BLACK★ROCK SHOOTER OVA,144,9.2
隐之王,141,9.2
One Room ~OVA,141,9.2
飙速宅男 新世代,137,9.2
若叶女孩,133,9.2
初音岛,132,9.2
旋风管家 CAN'T TAKE MY EYES OFF YOU,131,9.2
H2O 赤砂的印记,130,9.2
钢琴之森,128,9.2
兽爪,119,9.2
魔法少女☆伊莉雅 SP,117,9.2
铳墓,112,9.2
影鳄,110,9.2
告白实行委员会 我于此刻恋上你,110,9.2
DIABOLIK LOVERS,109,9.2
对某飞行员的追忆,102,9.2
龙王的工作！,12880,9.1
小林家的龙女仆,6357,9.1
我们仍未知道那天所看见的花的名字。,5326,9.1
Fate\u002Fstay night [Unlimited Blade Works] 第二季,3346,9.1
一人之下,3283,9.1
珈百璃的堕落,2967,9.1
粗点心战争2,2164,9.1
地狱少女 宵伽,1897,9.1
少年锦衣卫,1884,9.1
镇魂街 第一季,1815,9.1
食戟之灵 贰之皿,1764,9.1
中二病也要谈恋爱！恋,1574,9.1
学园孤岛,1409,9.1
我的脑内选项正在全力妨碍学园恋爱喜剧,1330,9.1
伪恋：,1086,9.1
将国之天鹰星,954,9.1
灼眼的夏娜,888,9.1
BLACK★ROCK SHOOTER,713,9.1
真实之泪,697,9.1
那年那兔那些事儿 第二季,564,9.1
TSUKIPRO,558,9.1
恶魔之谜,440,9.1
神不在的星期天,431,9.1
白色相簿,405,9.1
纯白交响曲,404,9.1
天真与闪电,401,9.1
境界的彼方 -I'LL BE HERE- 未来篇,382,9.1
电器街的漫画店,317,9.1
DOG DAYS,303,9.1
魔法少女☆伊莉雅 2WEI! OVA,301,9.1
小桃小栗Love Love物语,299,9.1
约会大作战 第一季 SP,268,9.1
Borrowed Gear 借跑车的人,266,9.1
神S,264,9.1
敦君与女朋友,256,9.1
在盛夏等待,247,9.1
翠星之加尔刚蒂亚,246,9.1
学生会的一己之见 Lv.2,245,9.1
太乙仙魔录之灵飞纪 第二季,230,9.1
世界征服 谋略之星,219,9.1
吸血鬼骑士,217,9.1
魔笛MAGI 辛巴达的冒险,209,9.1
三者三叶,209,9.1
地球防卫少年,194,9.1
幻想嘉年华 EX Season,185,9.1
武士弗拉明戈,174,9.1
幸腹涂鸦,174,9.1
忍者少女千鸟,166,9.1
纳米核心 第二季,144,9.1
薄樱鬼,141,9.1
萝球社！SS,137,9.1
废弃公主,131,9.1
众神的恶作剧,125,9.1
游魂 -Kiss on my Deity-,124,9.1
灵契 日语版,111,9.1
初恋限定。,108,9.1
虫之歌,106,9.1
DEPTH OF FIELD ～ 爱与憎恨的剧场,105,9.1
仰望半月的夜空,104,9.1
Fate\u002FEXTRA Last Encore,24839,8.9
笨女孩,6889,8.9
境界的彼方,2443,8.9
妖怪名单 第二季,2361,8.9
我女友与青梅竹马的惨烈修罗场,1431,8.9
青之驱魔师,887,8.9
Fate\u002Fstay night [Unlimited Blade Works] 特典,674,8.9
噬神者,542,8.9
那年那兔那些事儿 第三季,528,8.9
黑子的篮球 第3期,439,8.9
降灵记,432,8.9
亚人 第二季,380,8.9
腐男子高校生活,358,8.9
龙娘七七七埋藏的宝藏,312,8.9
我差点就信了 第二季,299,8.9
三年E班Q,282,8.9
长门有希酱的消失,280,8.9
精灵宝可梦 XY,277,8.9
Re：从零开始休息时间,263,8.9
寻找失去的未来,252,8.9
钢之炼金术师 叹息之丘的圣星,246,8.9
ID-0,212,8.9
尸者的帝国,207,8.9
星之声,194,8.9
机甲少女 FRAME ARMS GIRL,192,8.9
云之彼端，约定的地方,189,8.9
盗墓笔记之沙海 第二季,171,8.9
S.A特优生,145,8.9
无法逃离的背叛,138,8.9
热风海陆BUSHIROAD,132,8.9
死灵编码,129,8.9
伯爵与妖精,124,8.9
乃木坂春香的秘密,115,8.9
剧场版 魔法禁书目录炭 SP,114,8.9
拜托了！老师,104,8.9
GAMERS电玩咖！,6602,8.8
干物妹！小埋,4119,8.8
约会大作战,3039,8.8
异世界食堂,2472,8.8
我的妹妹不可能那么可爱 第二季,1503,8.8
问题儿童都来自异世界？,1035,8.8
神的记事本,615,8.8
三丽鸥男子,597,8.8
爱丽丝与藏六,584,8.8
王室教师海涅,567,8.8
重装武器,510,8.8
机动战士敢达SEED Destiny HD,458,8.8
Classica Loid 第二季,448,8.8
王牌御史,420,8.8
全部成为F -THE PERFECT INSIDER-,325,8.8
房东妹子青春期！,319,8.8
守护猫娘绯鞠,293,8.8
亚尔斯兰战记,292,8.8
恶之华,258,8.8
青春×机关枪,251,8.8
零之使魔 三美姬的轮舞,248,8.8
发条精灵战记 天镜的极北之星,226,8.8
超级索尼子 THE ANIMATION,216,8.8
黑白无双,212,8.8
亚尔斯兰战记 风尘乱舞,207,8.8
萝球社！,200,8.8
钢之炼金术师 香巴拉的征服者,193,8.8
]有S段子的o聊世界（H限港澳台地^）,190,8.8
Lostorage incited WIXOSS,176,8.8
纯洁的玛利亚,146,8.8
罪恶王冠 SP,132,8.8
阿童木起源,128,8.8
罪恶王冠 失落的圣诞节 an episode of port town,127,8.8
我家业主会作妖,118,8.8
战场上的女武神,116,8.8
你是主人我是仆,115,8.8
穿透幻影的太阳,113,8.8
KANON\u002F雪之少女,105,8.8
永远之久远,100,8.8
关于我女友是个一本正经的碧池这件事,8302,8.7
妖神记,1334,8.7
魔法禁书目录 第二季,1307,8.7
人马少女的烦恼,1092,8.7
超自然9人组,1086,8.7
弹丸论破,974,8.7
CROSSANGE 天使与龙的轮舞,832,8.7
约会大作战 万由里裁决,561,8.7
黑子的篮球,550,8.7
魔法禁书目录 剧场版,526,8.7
魔弹之王与战姬,387,8.7
野良与皇女与流浪猫之心,349,8.7
肯普法,331,8.7
菊叔5岁画,300,8.7
迷途猫OVERRUN！,289,8.7
露蒂的玩具,269,8.7
架向星空之桥,265,8.7
一人之下第二季 日语版,230,8.7
那就是声优！,229,8.7
十万个冷笑话 第一季,220,8.7
大图书馆的牧羊人,212,8.7
丝缎女孩对谈,197,8.7
TRINITY SEVEN 七人魔法使 剧场版,177,8.7
玻璃之花与崩坏的世界,177,8.7
前方高能之辣稽,166,8.7
美男高校地球防卫部LOVE！,127,8.7
青年黑杰克,123,8.7
魔法禁书目录 炭,116,8.7
心灵侦探八云,114,8.7
献给某飞行员的恋歌,107,8.7
杀戮公主,102,8.7
口水封神,101,8.7
我的朋友很少 OAD,100,8.7
Re：从零开始的异世界生活,8203,8.6
Charlotte,4086,8.6
斩・赤红之瞳！,3358,8.6
魔法禁书目录 第一季,1878,8.6
Love Live! Sunshine!!,1229,8.6
加速世界,972,8.6
机巧少女不会受伤,893,8.6
我，要成为双马尾。,742,8.6
画江湖之侠岚,583,8.6
纳米核心 第三季,542,8.6
传颂之物 虚伪的假面,528,8.6
恶魔战线,372,8.6
不成勇者的我，只好J真找工作（H限港澳台地^）,356,8.6
活\u002F刀乱舞（H限港澳台地^）,284,8.6
黑子的篮球 第2期,278,8.6
请认真和我恋爱！！,244,8.6
梦王国与沉睡的100王子 短篇动画,226,8.6
RDG 濒危物种少女,225,8.6
南家三姐妹 再来一碗,223,8.6
只要你说你爱我,211,8.6
染红的街道,205,8.6
加速世界 Infinite Burst,194,8.6
斯特拉的魔法,163,8.6
霹雳天命之仙魔鏖锋Ⅱ斩魔录,162,8.6
尸兄,158,8.6
红壳的潘多拉,153,8.6
君吻Pure Rouge,147,8.6
任性HighSpec,114,8.6
墓王之王 麒麟决,113,8.6
大叔与棉花糖,113,8.6
终结的炽天使 OVA,104,8.6
空罐少女,100,8.6
动画同好会,1791,8.5
K RETURN OF KINGS,1086,8.5
爱神巧克力,945,8.5
少女编号,936,8.5
就算是哥哥有爱就没问题了对吧,754,8.5
精灵使的剑舞,731,8.5
超时空要塞Δ,650,8.5
暗芝居 第五季,552,8.5
雏子的笔记,525,8.5
血色苍穹（下篇）,490,8.5
黑白来看守所 第二季,352,8.5
灼眼的夏娜II -Second-,345,8.5
龙之界点,321,8.5
腹黑妹妹控兄记,293,8.5
中国惊奇先生,288,8.5
钢壳都市雷吉欧斯,204,8.5
画江湖之不良人 第一季,201,8.5
东之伊甸,187,8.5
精灵宝可梦XY&Z,183,8.5
被狙击的学园,177,8.5
屁屁吾郎,129,8.5
魔物娘的同居日常（港澳台）,124,8.5
敢达创战者 TRY,114,8.5
魔法少女奈叶ViVid,107,8.5
前方高能之神烦狗,105,8.5
魔法少女什么的已经够了啦。第二季,103,8.5
pop子和pipi美的日常,26232,8.4
刀使巫女,3439,8.4
十万个冷笑话 第三季,970,8.4
Rewrite 2nd Season,940,8.4
绯弹的亚里亚,634,8.4
18if 梦境异闻录,595,8.4
怪怪守护神,561,8.4
狗与剪刀的正确用法,523,8.4
黑白来看守所,478,8.4
画江湖之灵主,246,8.4
覆面系 NOISE,237,8.4
BanG Dream!,209,8.4
石膏男孩,173,8.4
十万个冷笑话 第二季,155,8.4
红 Kurenai,135,8.4
小森同学拒绝不了！,129,8.4
御神乐学园组曲,127,8.4
Butlers～千年百年物语～,121,8.4
在下坂本，有何贵干？,4935,8.3
血色苍穹（上篇）,1006,8.3
清恋 SEIREN,876,8.3
我的朋友很少,865,8.3
我太受欢迎了该怎么办,599,8.3
如果她的旗帜被折断了,348,8.3
公主恋人！,216,8.3
R-15,117,8.3
魔法少女什么的已经够了啦。,105,8.3
欢迎来到实力至上主义的教室,21974,8.2
埃罗芒阿老师,9581,8.2
罪恶王冠,4873,8.2
线上游戏的老婆不可能是女生？,1570,8.2
巴哈姆特之怒 VIRGIN SOUL,1446,8.2
天使的3P!,1393,8.2
URAHARA,898,8.2
TRINITY SEVEN 七人魔法使,671,8.2
天谕,244,8.2
核爆默示录,122,8.2
请别忧伤了二之宫君,120,8.2
Regalia 三圣星,114,8.2
裁断分离之罪恶剪刀,112,8.2
战刻夜想曲,681,8.1
六花的勇者,639,8.1
我的朋友很少NEXT,579,8.1
革命机Valvrave,478,8.1
高达创形者,411,8.1
对魔导学园35试验小队,349,8.1
从前有座灵剑山,343,8.1
"Wake Up, Girls! 新章",319,8.1
秋叶原之旅 THE ANIMATION,282,8.1
笑面推销员NEW,249,8.1
美妙天堂 偶像时间,199,8.1
黑色残骸,160,8.1
智龙迷城X,142,8.1
HENTAI！,108,8.1
骑士&魔法,2816,7.9
从零开始的魔法书,1653,7.9
s大作 第二季 （H限港澳台地^）,766,7.9
X-龙时代,326,7.9
一人之下 日语版,165,7.9
少女骑士物语,136,7.9
ViVid Strike!,114,7.9
十二大战,9616,7.8
狐妖小红娘 日语版,1375,7.8
极黑的布伦希尔德,554,7.8
学战都市Asterisk 第二季,529,7.8
逆转裁判,411,7.8
三人行必有我妹,263,7.8
双月之城,145,7.8
无畏魔女,116,7.8
终结的炽天使,1054,7.7
Rewrite,893,7.7
终结的炽天使 名古屋决战篇,705,7.7
乱步奇谭 Game of Laplace,509,7.7
LOST SONG 失落的歌谣,451,7.7
我被绑架到贵族女校当庶民样本 SP,109,7.7
原书・原书使,1608,7.6
CHAOS;CHILD,694,7.6
魔法少女育成计划,672,7.6
Infinite Stratos 2,470,7.6
PUPA,207,7.6
曾几何时天魔的黑兔,170,7.6
Ange Vierge,118,7.6
我被绑架到贵族女校当庶民样本,715,7.5
黑之宣告,181,7.5
暗芝居 第四季,115,7.5
Fate\u002FGrand Order \First Order\,4183,7.4
甲铁城的卡巴内瑞,3236,7.4
UQ HOLDER！悠久持有者！,2708,7.4
弹丸论破3 -绝望篇-,909,7.4
苍之彼方的四重奏,429,7.4
热诚传说 第二季,389,7.4
画江湖之不良人 第二季,310,7.4
我的天劫女友,1461,7.3
恋爱暴君,1263,7.3
学战都市Asterisk,691,7.3
双星之阴阳师,682,7.3
全职法师,252,7.3
绯弹的亚里亚 AA,218,7.3
峡谷重案组,153,7.3
我叫白小飞,144,7.3
热诚传说X,448,7.2
初恋怪兽,218,7.2
混沌之脑,154,7.2
Dies irae 神怒之日（H限港澳台地^）,276,7.1
真月谭月姬,262,7.1
新妹魔王的契s者（H限港澳台）,114,7.1
时钟机关之星,772,6.9
重神机潘多拉（中配）,523,6.9
百武装战记,265,6.9
魔法科高校的劣等生,2791,6.8
拳皇命运,1113,6.8
C?D,128,6.8
Code Geass 亡国的阿基德,239,6.7
SWORD GAI 装刀凯 The Animation,108,6.7
斗罗大陆2绝世唐门,1975,6.6
绝对双刃,673,6.5
樱花忍法帖,460,6.5
雏蜂,123,6.5
世界黑暗图鉴,112,6.4
第一次辣妹,2159,6.3
Hand Shakers,685,6.3
从前有座灵剑山 第二季,520,6.3
重神机潘多拉,2774,6.2
画江湖之杯莫停,303,6.2
风夏,904,6.1
CLANNAD 剧场版,438,6.1
王者歪传,218,6.1
万界仙踪,219,5.9
一课一练 中文版,195,5.9
ISUCA,205,5.7
皇帝圣印战记,8030,5.6
空战魔导士候补生的教官,382,5.5
时空使徒 中文版,108,5.4
博人传 火影忍者新时代,15010,5.3
11eyes-罪与罚与赎的少女-,177,5.3
银之守墓人,476,5.2
Fate\u002FApocrypha,55902,4.9
王[ The Animation（H限台车^）,561,3.9
魔法战争,547,3.8
斗破苍穹,2127,3.5
正确的KADO,912,3.5
Taboo Tattoo－禁忌咒纹－,430,3.4
迷家,3446,3.1
阿拉德：宿命之门,753,3.1
